Município;Região Administrativa
 Arujá;Grande SP
 Barueri;Grande SP
 Biritiba Mirim;Grande SP
 Caieiras;Grande SP
 Cajamar;Grande SP
 Carapicuíba;Grande SP
 Cotia;Grande SP
 Diadema;Grande SP
 Embu das Artes;Grande SP
 Embu-Guaçu;Grande SP
 Ferraz de Vasconcelos;Grande SP
 Francisco Morato;Grande SP
 Franco da Rocha;Grande SP
 Guararema;Grande SP
 Guarulhos;Grande SP
 Itapecerica da Serra;Grande SP
 Itapevi;Grande SP
 Itaquaquecetuba;Grande SP
 Jandira;Grande SP
 Juquitiba;Grande SP
 Mairiporã;Grande SP
 Mauá;Grande SP
 Mogi das Cruzes;Grande SP
 Osasco;Grande SP
 Pirapora do Bom Jesus;Grande SP
 Poá;Grande SP
 Ribeirão Pires;Grande SP
 Rio Grande da Serra;Grande SP
 Salesópolis;Grande SP
 Santa Isabel;Grande SP
 Santana de Parnaíba;Grande SP
 Santo André;Grande SP
 São Bernardo do Campo;Grande SP
 São Caetano do Sul;Grande SP
 São Lourenço da Serra;Grande SP
 São Paulo;Grande SP
 Suzano;Grande SP
 Taboão da Serra;Grande SP
 Vargem Grande Paulista;Grande SP
 Bertioga;Santos
 Cubatão;Santos
 Guarujá;Santos
 Itanhaém;Santos
 Mongaguá;Santos
 Peruíbe;Santos
 Praia Grande;Santos
 Santos;Santos
 São Vicente;Santos
 Barra do Turvo;Registro
 Cajati;Registro
 Cananéia;Registro
 Eldorado;Registro
 Iguape;Registro
 Ilha Comprida;Registro
 Itariri;Registro
 Jacupiranga;Registro
 Juquiá;Registro
 Miracatu;Registro
 Pariquera-Açu;Registro
 Pedro de Toledo;Registro
 Registro;Registro
 Sete Barras;Registro
 Caraguatatuba;São José dos Campos
 Ilhabela;São José dos Campos
 São Sebastião;São José dos Campos
 Ubatuba;São José dos Campos
 Arapeí;São José dos Campos
 Areias;São José dos Campos
 Bananal;São José dos Campos
 Cruzeiro;São José dos Campos
 Lavrinhas;São José dos Campos
 Queluz;São José dos Campos
 São José do Barreiro;São José dos Campos
 Silveiras;São José dos Campos
 Aparecida;São José dos Campos
 Cachoeira Paulista;São José dos Campos
 Canas;São José dos Campos
 Cunha;São José dos Campos
 Guaratinguetá;São José dos Campos
 Lorena;São José dos Campos
 Piquete;São José dos Campos
 Potim;São José dos Campos
 Roseira;São José dos Campos
 Caçapava;São José dos Campos
 Igaratá;São José dos Campos
 Jacareí;São José dos Campos
 Jambeiro;São José dos Campos
 Monteiro Lobato;São José dos Campos
Paraibuna Paraibuna;São José dos Campos
 Santa Branca;São José dos Campos
 São José dos Campos;São José dos Campos
 Campos do Jordão;São José dos Campos
 Lagoinha;São José dos Campos
 Natividade da Serra;São José dos Campos
 Pindamonhangaba;São José dos Campos
 Redenção da Serra;São José dos Campos
 Santo Antônio do Pinhal;São José dos Campos
 São Bento do Sapucaí;São José dos Campos
 São Luiz do Paraitinga;São José dos Campos
 Taubaté;São José dos Campos
 Tremembé;São José dos Campos
 Águas de Santa Bárbara;Sorocaba
 Avaré;Sorocaba
 Cerqueira César;Sorocaba
 Iaras;Sorocaba
 Manduri;Sorocaba
 Anhembi;Sorocaba
 Areiópolis;Sorocaba
 Bofete;Sorocaba
 Botucatu;Sorocaba
 Conchas;Sorocaba
 Itatinga;Sorocaba
 Laranjal Paulista;Sorocaba
 Pardinho;Sorocaba
 Pereiras;Sorocaba
 Porangaba;Sorocaba
 Pratânia;Sorocaba
 São Manuel;Sorocaba
 Torre de Pedra;Sorocaba
 Alambari;Sorocaba
 Boituva;Sorocaba
 Capela do Alto;Sorocaba
 Cerquilho;Sorocaba
 Cesário Lange;Sorocaba
 Guareí;Sorocaba
 Itapetininga;Sorocaba
 Quadra;Sorocaba
 São Miguel Arcanjo;Sorocaba
 Sarapuí;Sorocaba
 Tatuí;Sorocaba
 Alumínio;Sorocaba
 Araçariguama;Sorocaba
 Araçoiaba da Serra;Sorocaba
 Ibiúna;Sorocaba
 Iperó;Sorocaba
 Itu;Sorocaba
 Jumirim;Sorocaba
 Mairinque;Sorocaba
 Piedade;Sorocaba
 Pilar do Sul;Sorocaba
 Porto Feliz;Sorocaba
 Salto;Sorocaba
 Salto de Pirapora;Sorocaba
 São Roque;Sorocaba
 Sorocaba;Sorocaba
 Tapiraí;Sorocaba
 Tietê;Sorocaba
 Votorantim;Sorocaba
 Águas de Lindóia;Campinas
 Amparo;Campinas
 Atibaia;Campinas
 Bom Jesus dos Perdões;Campinas
 Bragança Paulista;Campinas
 Joanópolis;Campinas
 Lindoia;Campinas
 Monte Alegre do Sul;Campinas
 Nazaré Paulista;Campinas
 Pedra Bela;Campinas
 Pinhalzinho;Campinas
 Piracaia;Campinas
 Serra Negra;Campinas
 Socorro;Campinas
 Tuiuti;Campinas
 Vargem;Campinas
 Americana;Campinas
 Artur Nogueira;Campinas
 Campinas;Campinas
 Cosmópolis;Campinas
 Engenheiro Coelho;Campinas
 Estiva Gerbi;Campinas
 Holambra;Campinas
 Hortolândia;Campinas
 Indaiatuba;Campinas
 Itapira;Campinas
 Jaguariúna;Campinas
 Mogi Guaçu;Campinas
 Mogi Mirim;Campinas
 Monte Mor;Campinas
 Nova Odessa;Campinas
 Paulínia;Campinas
 Pedreira;Campinas
 Santa Bárbara d'Oeste;Campinas
 Santo Antônio de Posse;Campinas
 Sumaré;Campinas
 Valinhos;Campinas
 Vinhedo;Campinas
 Cabreúva;Campinas
 Campo Limpo Paulista;Campinas
 Itatiba;Campinas
 Itupeva;Campinas
 Jarinu;Campinas
 Jundiaí;Campinas
Louveira Louveira;Campinas
 Morungaba;Campinas
 Várzea Paulista;Campinas
 Araras;Campinas
 Conchal;Campinas
 Cordeirópolis;Campinas
 Iracemápolis;Campinas
 Leme;Campinas
 Limeira;Campinas
 Pirassununga;Campinas
 Santa Cruz da Conceição;Campinas
 Águas de São Pedro;Campinas
 Capivari;Campinas
 Charqueada;Campinas
 Elias Fausto;Campinas
 Mombuca;Campinas
 Piracicaba;Campinas
 Rafard;Campinas
 Rio das Pedras;Campinas
 Saltinho;Campinas
 Santa Maria da Serra;Campinas
 São Pedro;Campinas
 Analândia;Campinas
 Brotas;Campinas
 Corumbataí;Campinas
 Ipeúna;Campinas
 Itirapina;Campinas
 Rio Claro;Campinas
 Santa Gertrudes;Campinas
 Torrinha;Campinas
 Aguaí;Campinas
 Águas da Prata;Campinas
 Caconde;Campinas
 Casa Branca;Campinas
 Divinolândia;Campinas
 Espírito Santo do Pinhal;Campinas
 Itobi;Campinas
 Mococa;Campinas
 Santa Cruz das Palmeiras;Campinas
 Santo Antônio do Jardim;Campinas
 São João da Boa Vista;Campinas
 São José do Rio Pardo;Campinas
 São Sebastião da Grama;Campinas
 Tambaú;Campinas
 Tapiratiba;Campinas
 Vargem Grande do Sul;Campinas
 Altinópolis;Ribeirão Preto
 Barrinha;Ribeirão Preto
 Brodowski;Ribeirão Preto
 Cajuru;Ribeirão Preto
 Cássia dos Coqueiros;Ribeirão Preto
 Cravinhos;Ribeirão Preto
 Dumont;Ribeirão Preto
 Guariba;Ribeirão Preto
 Guatapará;Ribeirão Preto
 Jaboticabal;Ribeirão Preto
 Jardinópolis;Ribeirão Preto
 Luiz Antônio;Ribeirão Preto
 Monte Alto;Ribeirão Preto
 Pitangueiras;Ribeirão Preto
 Pontal;Ribeirão Preto
 Pradópolis;Ribeirão Preto
 Ribeirão Preto;Ribeirão Preto
 Santa Cruz da Esperança;Ribeirão Preto
 Santa Rosa de Viterbo;Ribeirão Preto
 Santo Antônio da Alegria;Ribeirão Preto
 São Simão;Ribeirão Preto
 Serra Azul;Ribeirão Preto
 Serrana;Ribeirão Preto
 Sertãozinho;Ribeirão Preto
 Taquaral;Ribeirão Preto
 Agudos;Bauru
 Arealva;Bauru
 Avaí;Bauru
 Balbinos;Bauru
 Bauru;Bauru
 Borebi;Bauru
 Cabrália Paulista;Bauru
 Duartina;Bauru
 Iacanga;Bauru
 Lençóis Paulista;Bauru
 Lucianópolis;Bauru
 Macatuba;Bauru
 Paulistânia;Bauru
 Pederneiras;Bauru
 Pirajuí;Bauru
 Piratininga;Bauru
 Presidente Alves;Bauru
 Reginópolis;Bauru
 Ubirajara;Bauru
 Bariri;Bauru
 Barra Bonita;Bauru
 Bocaina;Bauru
 Boraceia;Bauru
 Dois Córregos;Bauru
 Igaraçu do Tietê;Bauru
 Itaju;Bauru
 Itapuí;Bauru
 Jaú;Bauru
 Mineiros do Tietê;Bauru
 Cafelândia;Bauru
 Getulina;Bauru
 Guaiçara;Bauru
 Guaimbê;Bauru
 Guarantã;Bauru
 Lins;Bauru
 Pongaí;Bauru
 Promissão;Bauru
 Sabino;Bauru
 Uru;Bauru
 Ariranha;São José do Rio Preto
 Catanduva;São José do Rio Preto
 Catiguá;São José do Rio Preto
 Elisiário;São José do Rio Preto
 Irapuã;São José do Rio Preto
 Itajobi;São José do Rio Preto
 Marapoama;São José do Rio Preto
 Novais;São José do Rio Preto
 Novo Horizonte;São José do Rio Preto
 Palmares Paulista;São José do Rio Preto
 Paraíso;São José do Rio Preto
 Pindorama;São José do Rio Preto
 Sales;São José do Rio Preto
 Santa Adélia;São José do Rio Preto
 Tabapuã;São José do Rio Preto
 Urupês;São José do Rio Preto
 Estrela d'Oeste;São José do Rio Preto
 Fernandópolis;São José do Rio Preto
 Guarani d'Oeste;São José do Rio Preto
 Indiaporã;São José do Rio Preto
 Macedônia;São José do Rio Preto
 Meridiano;São José do Rio Preto
 Mira Estrela;São José do Rio Preto
 Ouroeste;São José do Rio Preto
 Pedranópolis;São José do Rio Preto
 Populina;São José do Rio Preto
 São João das Duas Pontes;São José do Rio Preto
 Turmalina;São José do Rio Preto
 Aparecida d'Oeste;São José do Rio Preto
 Aspásia;São José do Rio Preto
 Dirce Reis;São José do Rio Preto
 Dolcinópolis;São José do Rio Preto
 Jales;São José do Rio Preto
 Marinópolis;São José do Rio Preto
 Mesópolis;São José do Rio Preto
 Nova Canaã Paulista;São José do Rio Preto
 Palmeira d'Oeste;São José do Rio Preto
 Paranapuã;São José do Rio Preto
 Pontalinda;São José do Rio Preto
 Rubinéia;São José do Rio Preto
 Santa Albertina;São José do Rio Preto
 Santa Clara d'Oeste;São José do Rio Preto
 Santa Fé do Sul;São José do Rio Preto
 Santa Rita d'Oeste;São José do Rio Preto
 Santa Salete;São José do Rio Preto
 Santana da Ponte Pensa;São José do Rio Preto
 São Francisco;São José do Rio Preto
 Três Fronteiras;São José do Rio Preto
 Urânia;São José do Rio Preto
 Vitória Brasil;São José do Rio Preto
 Adolfo;São José do Rio Preto
 Bady Bassitt;São José do Rio Preto
 Bálsamo;São José do Rio Preto
 Cedral;São José do Rio Preto
 Guapiaçu;São José do Rio Preto
 Ibirá;São José do Rio Preto
 Icém;São José do Rio Preto
 Ipiguá;São José do Rio Preto
 Jaci;São José do Rio Preto
 José Bonifácio;São José do Rio Preto
 Mendonça;São José do Rio Preto
 Mirassol;São José do Rio Preto
 Mirassolândia;São José do Rio Preto
 Monte Aprazível;São José do Rio Preto
 Neves Paulista;São José do Rio Preto
 Nipoã;São José do Rio Preto
 Nova Aliança;São José do Rio Preto
 Nova Granada;São José do Rio Preto
 Onda Verde;São José do Rio Preto
 Orindiúva;São José do Rio Preto
 Palestina;São José do Rio Preto
 Paulo de Faria;São José do Rio Preto
 Planalto;São José do Rio Preto
 Poloni;São José do Rio Preto
 Potirendaba;São José do Rio Preto
 São José do Rio Preto;São José do Rio Preto
 Tanabi;São José do Rio Preto
 Ubarana;São José do Rio Preto
 Uchoa;São José do Rio Preto
 União Paulista;São José do Rio Preto
 Zacarias;São José do Rio Preto
 Álvares Florence;São José do Rio Preto
 Américo de Campos;São José do Rio Preto
 Cardoso;São José do Rio Preto
 Cosmorama;São José do Rio Preto
 Floreal;São José do Rio Preto
 Macaubal;São José do Rio Preto
 Magda;São José do Rio Preto
 Monções;São José do Rio Preto
 Nhandeara;São José do Rio Preto
 Parisi;São José do Rio Preto
 Pontes Gestal;São José do Rio Preto
 Riolândia;São José do Rio Preto
 Sebastianópolis do Sul;São José do Rio Preto
 Valentim Gentil;São José do Rio Preto
 Votuporanga;São José do Rio Preto
 Andradina;Araçatuba
 Castilho;Araçatuba
 Guaraçaí;Araçatuba
 Ilha Solteira;Araçatuba
 Itapura;Araçatuba
 Lavínia;Araçatuba
 Mirandópolis;Araçatuba
 Murutinga do Sul;Araçatuba
 Nova Independência;Araçatuba
 Pereira Barreto;Araçatuba
 Sud Mennucci;Araçatuba
 Suzanápolis;Araçatuba
 Alto Alegre;Araçatuba
 Araçatuba;Araçatuba
 Auriflama;Araçatuba
 Avanhandava;Araçatuba
 Barbosa;Araçatuba
 Bento de Abreu;Araçatuba
 Bilac;Araçatuba
 Birigui;Araçatuba
 Braúna;Araçatuba
 Brejo Alegre;Araçatuba
 Buritama;Araçatuba
 Clementina;Araçatuba
 Coroados;Araçatuba
 Gabriel Monteiro;Araçatuba
 Gastão Vidigal;Araçatuba
 General Salgado;Araçatuba
 Glicério;Araçatuba
 Guararapes;Araçatuba
 Guzolândia;Araçatuba
 Lourdes;Araçatuba
 Luiziânia;Araçatuba
 Nova Castilho;Araçatuba
 Nova Luzitânia;Araçatuba
 Penápolis;Araçatuba
 Piacatu;Araçatuba
 Rubiácea;Araçatuba
 Santo Antônio do Aracanguá;Araçatuba
 Santópolis do Aguapeí;Araçatuba
 São João de Iracema;Araçatuba
 Turiúba;Araçatuba
 Valparaíso;Araçatuba
 Adamantina;Presidente Prudente
 Flora Rica;Presidente Prudente
 Flórida Paulista;Presidente Prudente
 Inúbia Paulista;Presidente Prudente
 Irapuru;Presidente Prudente
 Lucélia;Presidente Prudente
 Mariápolis;Presidente Prudente
 Osvaldo Cruz;Presidente Prudente
 Pacaembu;Presidente Prudente
 Pracinha;Presidente Prudente
 Sagres;Presidente Prudente
 Salmourão;Presidente Prudente
 Dracena;Presidente Prudente
 Junqueirópolis;Presidente Prudente
 Monte Castelo;Presidente Prudente
 Nova Guataporanga;Presidente Prudente
 Ouro Verde;Presidente Prudente
 Panorama;Presidente Prudente
 Paulicéia;Presidente Prudente
 Santa Mercedes;Presidente Prudente
 São João do Pau-d'Alho;Presidente Prudente
 Tupi Paulista;Presidente Prudente
 Alfredo Marcondes;Presidente Prudente
 Álvares Machado;Presidente Prudente
 Anhumas;Presidente Prudente
 Caiabu;Presidente Prudente
 Caiuá;Presidente Prudente
 Emilianópolis;Presidente Prudente
 Estrela do Norte;Presidente Prudente
 Euclides da Cunha Paulista;Presidente Prudente
 Iepê;Presidente Prudente
 Indiana;Presidente Prudente
 Marabá Paulista;Presidente Prudente
 Martinópolis;Presidente Prudente
 Mirante do Paranapanema;Presidente Prudente
 Nantes;Presidente Prudente
 Narandiba;Presidente Prudente
 Piquerobi;Presidente Prudente
 Pirapozinho;Presidente Prudente
 Presidente Bernardes;Presidente Prudente
 Presidente Epitácio;Presidente Prudente
 Presidente Prudente;Presidente Prudente
 Presidente Venceslau;Presidente Prudente
 Rancharia;Presidente Prudente
 Regente Feijó;Presidente Prudente
 Ribeirão dos Índios;Presidente Prudente
 Rosana;Presidente Prudente
 Sandovalina;Presidente Prudente
 Santo Anastácio;Presidente Prudente
 Santo Expedito;Presidente Prudente
 Taciba;Presidente Prudente
 Tarabai;Presidente Prudente
 Teodoro Sampaio;Presidente Prudente
 Assis;Marília
 Campos Novos Paulista;Marília
 Cândido Mota;Marília
 Cruzália;Marília
 Florínea;Marília
 Ibirarema;Marília
 Lutécia;Marília
 Maracaí;Marília
 Palmital;Marília
 Paraguaçu Paulista;Marília
 Pedrinhas Paulista;Marília
 Platina;Marília
 Tarumã;Marília
 Álvaro de Carvalho;Marília
 Alvinlândia;Marília
 Echaporã;Marília
 Fernão;Marília
 Gália;Marília
 Garça;Marília
 Júlio Mesquita;Marília
 Lupércio;Marília
 Marília;Marília
 Ocauçu;Marília
 Oriente;Marília
 Oscar Bressane;Marília
 Pompeia;Marília
 Vera Cruz;Marília
 Bernardino de Campos;Marília
 Canitar;Marília
 Chavantes;Marília
 Espírito Santo do Turvo;Marília
 Ipaussu;Marília
 Óleo;Marília
 Ourinhos;Marília
 Ribeirão do Sul;Marília
 Salto Grande;Marília
 Santa Cruz do Rio Pardo;Marília
 São Pedro do Turvo;Marília
 Timburi;Marília
 Arco-Íris;Marília
 Bastos;Marília
 Borá;Marília
 Herculândia;Marília
 Iacri;Marília
 João Ramalho;Marília
 Parapuã;Marília
 Quatá;Marília
 Queiroz;Marília
 Quintana;Marília
 Rinópolis;Marília
 Tupã;Marília
 Américo Brasiliense;Central
 Araraquara;Central
 Boa Esperança do Sul;Central
 Borborema;Central
 Cândido Rodrigues;Central
 Dobrada;Central
 Fernando Prestes;Central
 Gavião Peixoto;Central
 Ibitinga;Central
 Itápolis;Central
 Matão;Central
 Motuca;Central
 Nova Europa;Central
 Rincão;Central
 Santa Ernestina;Central
 Santa Lúcia;Central
 Tabatinga;Central
 Taquaritinga;Central
 Trabiju;Central
 Descalvado;Central
 Dourado;Central
 Ibaté;Central
 Porto Ferreira;Central
 Ribeirão Bonito;Central
 Santa Rita do Passa Quatro;Central
 São Carlos;Central
 Altair;Barretos
 Barretos;Barretos
 Bebedouro;Barretos
 Cajobi;Barretos
 Colina;Barretos
 Colômbia;Barretos
 Embaúba;Barretos
 Guaíra;Barretos
 Guaraci;Barretos
 Jaborandi;Barretos
 Monte Azul Paulista;Barretos
 Olímpia;Barretos
 Pirangi;Barretos
 Severínia;Barretos
 Taiaçu;Barretos
 Taiúva;Barretos
 Terra Roxa;Barretos
 Viradouro;Barretos
 Vista Alegre do Alto;Barretos
 Aramina;Franca
 Batatais;Franca
 Buritizal;Franca
 Cristais Paulista;Franca
 Franca;Franca
 Guará;Franca
 Igarapava;Franca
 Itirapuã;Franca
 Ituverava;Franca
 Jeriquara;Franca
 Miguelópolis;Franca
 Patrocínio Paulista;Franca
 Pedregulho;Franca
 Restinga;Franca
 Ribeirão Corrente;Franca
 Rifaina;Franca
 São José da Bela Vista;Franca
 Ipuã;Franca
 Morro Agudo;Franca
 Nuporanga;Franca
 Orlândia;Franca
 Sales Oliveira;Franca
 São Joaquim da Barra;Franca
 Angatuba;Itapeva
 Apiaí;Itapeva
 Arandu;Itapeva
 Barão de Antonina;Itapeva
 Barra do Chapéu;Itapeva
 Bom Sucesso de Itararé;Itapeva
 Buri;Itapeva
 Campina do Monte Alegre;Itapeva
 Capão Bonito;Itapeva
 Coronel Macedo;Itapeva
 Fartura;Itapeva
 Guapiara;Itapeva
 Iporanga;Itapeva
 Itaberá;Itapeva
 Itaí;Itapeva
 Itaoca;Itapeva
 Itapeva;Itapeva
 Itapirapuã Paulista;Itapeva
 Itaporanga;Itapeva
 Itararé;Itapeva
 Nova Campina;Itapeva
 Paranapanema;Itapeva
 Piraju;Itapeva
 Ribeira;Itapeva
 Ribeirão Branco;Itapeva
 Ribeirão Grande;Itapeva
 Riversul;Itapeva
 Sarutaiá;Itapeva
 Taguaí;Itapeva
 Taquarituba;Itapeva
 Taquarivaí;Itapeva
 Tejupá;Itapeva
